Github Organizations,Tags,Github Projects,Tags,Github Builders,Tags
https://github.com/bitcoin,Bitcoin,https://github.com/torvalds/linux,,https://github.com/vbuterin,
https://github.com/ethereum,Ethereum,,,,
https://github.com/solana-labs,Solana,,,,
https://github.com/ethereum-optimism,Optimism,,,,
https://github.com/OffchainLabs,Arbitrum,,,,
https://github.com/movementlabsxyz,Movement,,,,
https://github.com/aptos-labs,Aptos,,,,
https://github.com/MystenLabs,Sui,,,,
https://github.com/base-org,Ethereum,,,,
https://github.com/lxdao-official,Others,,,,
https://github.com/NonceGeek,Others,,,,
https://github.com/paritytech,Polkadot,,,,
https://github.com/rooch,Bitcoin,,,,
